"FdSpawnFertID","FdSpawningAreaID","LkupSpawnFertStage","VLMonth","Peaks/Notes"
"1","1","2","January",""
"2","1","2","February",""
"3","1","2","October",""
"4","1","2","November",""
"5","1","2","December",""
"6","136","3","February",""
"7","136","3","March",""
"8","136","3","April",""
"9","136","3","May",""
"10","136","3","June",""
"11","136","3","July",""
"12","136","3","August",""
"13","136","3","September",""
"14","134","3","March",""
"15","134","3","April","Peak Spawning"
"16","134","3","May","Peak Spawning"
"17","134","3","June",""
"18","134","3","July",""
"19","134","3","August",""
"23","135","3","March",""
"24","135","3","April",""
"25","135","3","May",""
"26","135","3","June",""
"27","135","3","July",""
"28","135","3","August",""
"33","15","3","January","Peak Spawning"
"34","15","3","February","Peak Spawning"
"35","15","3","March","Peak Spawning"
"36","15","3","April",""
"37","15","3","October",""
"38","15","3","November","Peak Spawning"
"39","15","3","December","Peak Spawning"
"45","24","3","January",""
"46","24","3","February",""
"47","24","3","March",""
"48","24","3","April",""
"49","24","3","May",""
"50","24","3","June",""
"51","24","3","July",""
"52","24","3","August",""
"57","22","3","January",""
"58","22","3","February",""
"59","22","3","March",""
"60","22","3","April",""
"69","21","3","January",""
"70","21","3","February",""
"71","21","3","March",""
"72","21","3","April",""
"73","21","3","May",""
"74","21","3","June",""
"75","21","3","July",""
"76","21","3","August",""
"77","21","3","October",""
"78","21","3","November",""
"79","21","3","December",""
"80","21","3","December",""
"81","24","3","October",""
"82","24","3","November",""
"83","24","3","December",""
"84","22","3","September",""
"85","22","3","October",""
"86","22","3","November",""
"87","22","3","December",""
"88","17","3","January",""
"89","17","3","February",""
"90","17","3","March",""
"91","17","3","April",""
"92","17","3","October",""
"93","17","3","November",""
"94","17","3","December",""
"95","18","3","January","Peak Spawning"
"96","18","3","February","Peak Spawning"
"97","18","3","March","Peak Spawning"
"98","18","3","April","Peak Spawning"
"99","18","3","May","Peak Spawning"
"100","18","3","June",""
"101","18","3","December",""
"102","23","3","January","Peak Spawning"
"103","23","3","February","Peak Spawning"
"104","23","3","March",""
"105","23","3","April",""
"106","23","3","May",""
"107","23","3","June",""
"108","23","3","July",""
"109","23","3","August",""
"110","23","3","September",""
"111","23","3","October",""
"112","23","3","November","Peak Spawning"
"113","23","3","December","Peak Spawning"
"114","16","3","January",""
"115","16","3","February",""
"116","16","3","March",""
"117","16","3","April",""
"118","16","3","October",""
"119","16","3","November",""
"120","16","3","December",""
"121","19","3","January",""
"122","19","3","February",""
"123","19","3","March",""
"124","19","3","April",""
"125","19","3","May",""
"126","19","3","September",""
"127","19","3","October",""
"128","19","3","November",""
"129","19","3","December",""
"131","20","3","January",""
"132","20","3","February",""
"133","20","3","March",""
"134","20","3","April",""
"135","20","3","October",""
"136","20","3","November",""
"137","20","3","December",""
"138","5","3","May",""
"139","5","3","June",""
"140","5","3","July",""
"141","9","3","May",""
"142","9","3","June",""
"143","9","3","July",""
"144","14","3","May","Peak Spawning"
"145","14","3","June","Peak Spawning"
"146","14","3","July",""
"147","14","3","April",""
"148","14","3","August",""
"149","14","3","September",""
"150","14","3","October",""
"151","10","3","May",""
"152","10","3","June","Peak Spawning"
"153","10","3","July","Peak Spawning"
"154","8","3","May",""
"155","8","3","June",""
"156","8","3","July",""
"157","8","3","April",""
"158","8","3","August",""
"159","8","3","September",""
"160","5","3","April",""
"161","13","3","May",""
"162","13","3","June",""
"163","13","3","July",""
"164","13","3","April",""
"165","11","3","May","Peak Spawning"
"166","11","3","June","Peak Spawning"
"167","11","3","July",""
"168","11","3","April",""
"169","11","3","February",""
"170","11","3","March",""
"171","11","3","August",""
"172","6","3","May","Peak Spawning"
"173","6","3","June","Peak Spawning"
"174","6","3","July","Peak Spawning"
"175","6","3","April","Peak Spawning"
"176","6","3","March",""
"177","6","3","August",""
"178","6","3","September",""
"179","7","3","May",""
"180","7","3","June",""
"181","7","3","July",""
"182","12","3","May",""
"183","12","3","June",""
"184","12","3","July",""
"185","229","3","May",""
"186","229","3","June",""
"187","229","3","July",""
"188","229","3","August",""
"189","232","3","April",""
"190","232","3","May",""
"191","232","3","June",""
"192","232","3","July",""
"193","232","3","August",""
"195","231","3","May","Peak Spawning"
"196","231","3","June","Peak Spawning"
"197","231","3","July",""
"198","231","3","August",""
"199","233","3","May",""
"200","233","3","June",""
"201","233","3","July",""
"202","233","3","August",""
"203","233","3","September",""
"204","230","3","April",""
"205","230","3","May",""
"206","230","3","June",""
"207","230","3","July",""
"208","230","3","August",""
"209","391","2","April",""
"210","391","2","May",""
"211","391","2","June",""
"212","391","2","July",""
"213","391","2","August",""
"214","391","2","September",""
"215","391","2","October",""
"219","390","2","July",""
"220","390","2","August",""
"221","390","2","September",""
"222","390","2","October",""
"224","388","2","May",""
"225","388","2","June",""
"226","388","2","July","Peak Spawning"
"227","388","2","August","Peak Spawning"
"228","388","2","September",""
"229","388","2","October",""
"233","389","2","July",""
"234","389","2","August",""
"237","90","3","March",""
"238","90","3","April",""
"239","90","3","May",""
"240","90","3","June",""
"241","90","3","July",""
"242","91","3","February",""
"243","91","3","March",""
"244","91","3","April",""
"245","89","3","January",""
"246","89","3","February","Peak Spawning"
"247","89","3","March","Peak Spawning"
"248","89","3","April","Peak Spawning"
"249","89","3","May",""
"250","89","3","June",""
"251","89","3","July",""
"252","89","3","August",""
"253","89","3","September",""
"254","89","3","October",""
"255","89","3","November",""
"256","89","3","December",""
"257","93","3","January",""
"258","93","3","February",""
"259","93","3","March","Peak Spawning"
"260","93","3","April","Peak Spawning"
"261","93","3","May","Peak Spawning"
"262","93","3","June",""
"263","93","3","July",""
"264","93","3","August",""
"265","93","3","September",""
"266","93","3","October",""
"267","93","3","November",""
"268","93","3","December",""
"269","92","3","January","Peak Spawning"
"270","92","3","February","Peak Spawning"
"271","92","3","March","Peak Spawning"
"272","92","3","April","Peak Spawning"
"273","92","3","May","Peak Spawning"
"274","92","3","June",""
"275","92","3","July",""
"276","92","3","August",""
"277","92","3","September",""
"278","92","3","October",""
"279","92","3","November",""
"280","92","3","December",""
"281","84","2","January",""
"282","84","2","October",""
"283","84","2","November",""
"284","84","2","December",""
"285","133","2","January","Peak Spawning"
"286","133","2","February","Peak Spawning"
"287","133","2","March",""
"288","133","2","October",""
"289","133","2","November",""
"290","133","2","December",""
"291","132","2","January","Peak Spawning"
"292","132","2","February","Peak Spawning"
"293","132","2","March",""
"296","132","2","December",""
"297","131","2","January",""
"298","131","2","February",""
"299","131","2","March",""
"301","131","2","November",""
"302","131","2","December",""
"303","130","2","January","Peak Spawning"
"304","130","2","February","Peak Spawning"
"305","130","2","March",""
"308","130","2","December",""
"309","245","2","January",""
"310","245","2","February",""
"311","245","2","March",""
"313","246","2","February",""
"315","250","2","January",""
"316","250","2","February",""
"317","250","2","March",""
"318","249","2","January",""
"319","249","2","February",""
"320","249","2","March","Peak Spawning"
"321","249","2","April","Peak Spawning"
"322","249","2","May",""
"323","249","2","June",""
"324","249","2","July",""
"325","249","2","August",""
"326","249","2","September",""
"327","249","2","November",""
"328","249","2","December",""
"329","248","2","January",""
"330","248","2","February",""
"331","248","2","March",""
"338","248","2","November",""
"339","248","2","December","Peak Spawning"
"340","248","2","October",""
"341","247","2","January","Peak Spawning"
"342","247","2","February",""
"343","247","2","March",""
"344","247","2","November",""
"345","247","2","December",""
"346","247","2","October",""
"347","419","4","April",""
"348","419","4","May",""
"349","421","4","September",""
"350","421","4","October",""
"351","422","4","March",""
"352","422","4","April","Peak Spawning"
"353","422","4","May","Peak Spawning"
"354","422","4","June",""
"355","422","4","July",""
"356","422","4","August",""
"357","420","5","March",""
"358","420","5","April","Peak Fertilization"
"359","420","5","May","Peak Fertilization"
"360","420","5","June",""
"366","165","5","January",""
"367","165","5","February",""
"368","165","5","March",""
"369","165","5","April",""
"370","165","5","May",""
"371","165","5","December",""
"372","164","4","January",""
"373","164","4","February",""
"374","164","4","March",""
"375","164","4","April",""
"376","164","4","May",""
"377","164","4","June",""
"378","164","4","July",""
"379","164","4","August",""
"380","166","5","March",""
"381","166","5","April",""
"382","166","5","May",""
"383","166","5","June",""
"384","166","5","July",""
"385","166","5","August",""
"386","162","5","February",""
"387","162","6","March",""
"388","162","6","April",""
"389","162","6","May",""
"390","162","6","June",""
"391","163","4","January",""
"392","163","4","February",""
"393","163","4","March",""
"394","163","4","April",""
"395","163","4","May",""
"397","70","5","March",""
"398","70","5","April",""
"399","70","5","May",""
"400","405","6","January",""
"401","405","6","October",""
"402","405","6","November","Peak Spawning"
"403","405","6","December","Peak Fertilization"
"404","404","4","July",""
"405","404","4","August",""
"406","404","4","September",""
"407","403","6","January",""
"408","403","6","February",""
"409","403","6","March",""
"410","403","6","April",""
"411","403","6","May",""
"412","403","6","June",""
"413","403","6","July",""
"414","403","6","August",""
"415","403","6","September",""
"416","403","6","October",""
"417","403","6","November",""
"418","403","6","December",""
"419","406","5","September",""
"420","406","5","October",""
"421","406","5","November",""
"422","406","5","December",""
"423","407","6","March",""
"424","407","6","April",""
"425","407","6","May",""
"426","407","6","June",""
"427","87","4","January",""
"428","87","4","February",""
"429","87","4","March",""
"430","87","4","April",""
"431","86","5","January",""
"432","86","4","February",""
"433","86","4","March",""
"434","86","4","April",""
"435","86","5","December",""
"436","88","5","January",""
"437","88","4","February",""
"438","88","4","March",""
"439","88","4","April",""
"440","88","5","December",""
"441","101","4","June",""
"442","101","4","July",""
"443","101","4","August",""
"444","169","5","April",""
"445","169","5","May",""
"446","169","5","June",""
"447","169","5","July",""
"448","169","5","August",""
"449","240","5","June",""
"450","240","5","July",""
"451","240","5","August",""
"452","241","5","April",""
"453","241","5","May",""
"454","425","5","June",""
"455","425","4","September",""
"456","424","5","June",""
"457","424","4","August",""
"458","424","4","September",""
"459","167","4","June",""
"460","167","4","July",""
"461","167","4","August",""
"462","168","4","June",""
"463","168","4","July",""
"464","168","4","August",""
"465","216","5","June",""
"466","216","5","July",""
"467","216","5","August",""
"468","102","6","January",""
"469","102","6","February",""
"470","102","6","March",""
"471","102","6","April",""
"472","102","6","May",""
"473","102","6","June",""
"474","102","6","July","Peak Spawning"
"475","102","6","August","Peak Spawning"
"476","102","6","September","Peak Spawning"
"477","102","6","October","Peak Spawning"
"478","102","6","November",""
"479","102","6","December",""
"480","103","6","January",""
"481","103","6","February",""
"482","103","6","March",""
"483","103","6","April",""
"484","103","6","May",""
"485","103","6","June","Peak Spawning"
"486","103","6","July","Peak Spawning"
"487","103","6","August","Peak Spawning"
"488","103","6","September","Peak Spawning"
"489","103","6","October","Peak Spawning"
"490","103","6","November","Peak Spawning"
"491","103","6","December",""
"492","104","6","January",""
"493","104","6","February",""
"494","104","6","March",""
"495","104","6","April",""
"496","104","6","May",""
"497","104","6","June",""
"498","104","6","July","Peak Spawning"
"499","104","6","August","Peak Spawning"
"500","104","6","September","Peak Spawning"
"501","104","6","October","Peak Spawning"
"502","104","6","November",""
"503","104","6","December",""
"504","82","2","April",""
"505","82","2","May",""
"506","82","2","June","Peak Spawning"
"507","82","2","July","Peak Spawning"
"508","82","2","August",""
"509","82","2","September",""
"510","82","2","October",""
"511","82","2","November",""
"512","82","2","December",""
"513","85","2","July",""
"514","85","2","August",""
"515","85","2","September",""
"516","149","2","April",""
"517","149","2","May",""
"518","149","2","June",""
"519","149","2","July",""
"520","149","2","August",""
"521","149","2","September",""
"522","149","2","October",""
"523","83","3","June",""
"524","83","3","July","Peak Spawning"
"525","83","3","August",""
"526","83","3","September",""
"527","183","3","March",""
"528","183","3","April",""
"529","183","3","May",""
"530","183","3","June","Peak Spawning"
"531","183","3","July","Peak Spawning"
"532","183","3","August","Peak Spawning"
"533","183","3","September","Peak Spawning"
"534","183","3","October",""
"535","387","3","July","Peak Spawning"
"536","387","3","August","Peak Spawning"
"537","387","3","September","Peak Spawning"
"538","387","3","October","Peak Spawning"
"539","29","3","June",""
"540","29","3","July",""
"541","29","3","August",""
"543","30","3","June",""
"544","30","3","July","Peak Spawning"
"545","30","3","August",""
"546","31","3","January",""
"547","31","3","February",""
"548","31","3","March",""
"549","31","3","April",""
"550","31","3","May",""
"551","31","3","October",""
"552","31","3","November",""
"553","31","3","December",""
"554","28","3","January",""
"555","28","3","February",""
"556","28","3","March",""
"560","28","3","November",""
"561","28","3","December",""
"562","153","3","January",""
"563","153","3","February",""
"573","153","3","December",""
"582","156","3","September",""
"583","156","3","October","Peak Spawning"
"584","156","3","November","Peak Spawning"
"585","156","3","December",""
"586","154","3","January",""
"587","154","3","February",""
"588","154","3","March",""
"589","154","3","April",""
"590","154","3","May",""
"591","154","3","June",""
"592","154","3","July",""
"595","154","3","October",""
"596","154","3","November",""
"597","154","3","December",""
"598","160","3","January",""
"607","160","3","October",""
"608","160","3","November","Peak Spawning"
"609","160","3","December","Peak Spawning"
"619","157","3","October",""
"622","158","3","January",""
"630","158","3","September",""
"631","158","3","October",""
"632","158","3","November",""
"633","158","3","December",""
"638","151","3","May",""
"639","151","3","June",""
"640","151","3","July",""
"641","151","3","August",""
"646","159","3","January",""
"647","159","3","February",""
"648","159","3","March",""
"649","159","3","April",""
"650","159","3","May",""
"655","159","3","October",""
"656","159","3","November",""
"657","159","3","December",""
"660","152","3","March",""
"661","152","3","April",""
"662","152","3","May",""
"663","152","3","June",""
"664","152","3","July",""
"665","152","3","August",""
"671","161","3","February",""
"672","161","3","March",""
"673","161","3","April",""
"674","161","3","May",""
"675","161","3","June",""
"676","161","3","July",""
"682","155","3","January",""
"683","155","3","November",""
"684","155","3","December",""
"687","416","3","March","Peak Spawning"
"688","416","3","April",""
"689","416","3","May",""
"697","417","3","January",""
"698","417","3","February",""
"699","417","3","March",""
"700","417","3","April",""
"701","417","3","May",""
"708","417","3","December",""
"711","418","3","March",""
"712","418","3","April",""
"713","418","3","May",""
"729","397","3","September",""
"730","397","3","October",""
"731","397","3","November",""
"733","400","3","January",""
"734","400","3","February","Peak Spawning"
"735","400","3","March","Peak Spawning"
"736","400","3","April",""
"744","400","3","December",""
"745","401","3","January",""
"746","401","3","February",""
"747","401","3","March",""
"748","401","3","April",""
"756","401","3","December",""
"757","399","3","January",""
"758","399","3","February",""
"759","399","3","March",""
"760","399","3","April",""
"768","399","3","December",""
"769","398","3","January",""
"770","398","3","February",""
"780","398","3","December",""
"781","402","3","January",""
"782","402","3","February",""
"783","402","3","March",""
"790","402","3","October",""
"791","402","3","November",""
"792","402","3","December",""
"793","396","3","January",""
"794","396","3","February",""
"795","396","3","March",""
"796","396","3","April",""
"797","396","3","May",""
"798","396","3","June",""
"799","396","3","July",""
"800","396","3","August",""
"801","396","3","September",""
"805","109","3","January",""
"806","109","3","February",""
"807","109","3","March",""
"808","109","3","April",""
"809","109","3","May",""
"810","109","3","June","Peak Spawning"
"811","109","3","July","Peak Spawning"
"812","109","3","August","Peak Spawning"
"813","109","3","September","Peak Spawning"
"814","109","3","October",""
"818","113","3","January",""
"819","113","3","February",""
"820","113","3","March",""
"821","113","3","April",""
"822","113","3","May",""
"823","113","3","June",""
"824","113","3","July",""
"825","113","3","August",""
"826","113","3","September",""
"827","113","3","October",""
"828","113","3","November",""
"829","113","3","December",""
"830","114","3","January",""
"831","114","3","February",""
"832","114","3","March",""
"834","114","3","May",""
"835","114","3","June",""
"836","114","3","July",""
"837","114","3","August",""
"838","114","3","September",""
"839","114","3","October",""
"840","114","3","November",""
"841","114","3","December",""
"842","112","3","January",""
"843","112","3","February",""
"844","112","3","March",""
"845","112","3","April",""
"846","112","3","May",""
"847","112","3","June",""
"848","112","3","July",""
"849","112","3","August",""
"850","112","3","September",""
"851","112","3","October",""
"852","112","3","November",""
"853","112","3","December",""
"856","111","3","March",""
"857","111","3","April",""
"858","111","3","May",""
"859","111","3","June",""
"860","111","3","July",""
"861","111","3","August",""
"862","111","3","September",""
"866","110","3","January",""
"867","110","3","February",""
"868","110","3","March",""
"869","110","3","April",""
"870","110","3","May",""
"871","110","3","June",""
"872","110","3","July",""
"873","110","3","August",""
"874","110","3","September",""
"875","110","3","October",""
"878","408","2","June",""
"879","408","2","July",""
"880","408","2","August",""
"881","408","2","September",""
"882","33","2","June",""
"883","33","2","July",""
"884","33","2","August",""
"885","34","2","August",""
"886","34","2","September",""
"887","34","2","October",""
"888","121","2","March",""
"889","121","2","April",""
"890","121","2","May",""
"891","121","2","June",""
"892","121","2","July",""
"893","121","2","August",""
"894","121","2","September",""
"895","121","2","October",""
"898","26","3","March",""
"899","26","3","April",""
"900","26","3","May",""
"901","26","3","June",""
"902","26","3","July",""
"903","26","3","August",""
"920","25","3","January",""
"921","25","3","February","Peak Spawning"
"922","25","3","March",""
"923","25","3","April","Peak Spawning"
"924","25","3","May","Peak Spawning"
"925","25","3","June","Peak Spawning"
"926","25","3","July",""
"927","25","3","August",""
"934","27","3","March",""
"935","27","3","April",""
"936","27","3","May","Peak Spawning"
"937","27","3","June","Peak Spawning"
"938","27","3","July",""
"939","27","3","August",""
"940","27","3","September",""
"945","71","3","January",""
"946","71","3","February",""
"947","71","3","March",""
"948","71","3","April",""
"949","71","3","May",""
"955","71","3","November",""
"956","71","3","December",""
"957","73","3","January","Peak Spawning"
"958","73","3","February","Peak Spawning"
"959","73","3","March","Peak Spawning"
"960","73","3","April",""
"961","73","3","May",""
"962","73","3","June",""
"963","73","3","July",""
"964","73","3","August",""
"967","73","3","November",""
"968","73","3","December",""
"969","74","3","January",""
"970","74","3","February",""
"971","74","3","March",""
"972","74","3","April",""
"973","74","3","May",""
"977","74","3","September",""
"978","74","3","October",""
"979","74","3","November",""
"980","74","3","December",""
"981","72","3","January","Peak Spawning"
"982","72","3","February",""
"983","72","3","March",""
"987","72","3","July",""
"988","72","3","August",""
"989","72","3","September","Peak Spawning"
"990","72","3","October",""
"991","72","3","November",""
"992","72","3","December",""
"993","75","3","January","Peak Spawning"
"994","75","3","February","Peak Spawning"
"995","75","3","March","Peak Spawning"
"996","75","3","April",""
"997","75","3","May",""
"1002","75","3","October",""
"1003","75","3","November",""
"1004","75","3","December",""
"1010","150","3","June",""
"1011","150","3","July","Peak Spawning"
"1012","150","3","August","Peak Spawning"
"1013","150","3","September",""
"1014","150","3","October",""
"1021","242","3","May",""
"1022","242","3","June",""
"1023","242","3","July",""
"1024","242","3","August",""
"1030","392","3","February",""
"1031","392","3","March",""
"1032","392","3","April",""
"1033","392","3","May","Peak Spawning"
"1034","392","3","June","Peak Spawning"
"1035","392","3","July","Peak Spawning"
"1036","392","3","August",""
"1037","392","3","September",""
"1038","392","3","October",""
"1043","393","3","March","Peak Spawning"
"1044","393","3","April","Peak Spawning"
"1045","393","3","May",""
"1046","393","3","June",""
"1047","393","3","July",""
"1048","393","3","August",""
"1049","393","3","September",""
"1050","393","3","October",""
"1055","423","3","March",""
"1056","423","3","April",""
"1057","423","3","May",""
"1058","423","3","June",""
"1059","423","3","July",""
"1060","423","3","August",""
"1068","184","3","April",""
"1069","184","3","May","Peak Spawning"
"1070","184","3","June","Peak Spawning"
"1071","184","3","July","Peak Spawning"
"1072","184","3","August","Peak Spawning"
"1073","184","3","September","Peak Spawning"
"1074","184","3","October",""
"1075","184","3","November",""
"1082","185","3","June",""
"1083","185","3","July",""
"1084","185","3","August",""
"1085","185","3","September",""
"1092","186","3","April",""
"1093","186","3","May",""
"1094","186","3","June",""
"1095","186","3","July","Peak Spawning"
"1096","186","3","August","Peak Spawning"
"1097","186","3","September",""
"1098","186","3","October",""
"1099","186","3","November",""
"1101","394","2","April",""
"1102","394","2","May","Peak Spawning"
"1103","394","2","June","Peak Spawning"
"1104","394","2","July","Peak Spawning"
"1105","394","2","August",""
"1106","394","2","September",""
"1110","395","2","July",""
"1111","32","3","January",""
"1112","32","3","February","Peak Spawning"
"1113","32","3","March","Peak Spawning"
"1114","32","3","April","Peak Spawning"
"1115","32","3","May",""
"1116","426","3","October",""
"1117","426","3","November",""
"1118","426","3","December",""
"1121","201","3","March",""
"1122","201","3","April",""
"1123","201","3","May",""
"1124","201","3","June",""
"1125","201","3","July",""
"1126","201","3","August",""
"1131","202","3","January",""
"1132","202","3","February",""
"1133","202","3","March",""
"1134","202","3","April",""
"1135","202","3","May",""
"1136","202","3","June",""
"1137","202","3","July",""
"1138","202","3","August",""
"1139","202","3","September",""
"1140","202","3","October",""
"1141","202","3","November",""
"1142","202","3","December",""
"1156","203","3","February",""
"1157","203","3","March",""
"1158","203","3","April",""
"1159","203","3","May",""
"1160","203","3","June",""
"1192","415","6","February",""
"1193","415","6","March",""
"1194","415","6","April",""
"1195","415","6","May",""
"1196","415","6","June",""
"1197","415","6","July",""
"1203","414","6","May",""
"1204","414","6","June",""
"1205","413","6","January",""
"1206","413","6","February",""
"1207","413","6","March",""
"1208","413","6","April",""
"1209","413","6","May",""
"1210","413","6","June",""
"1211","413","6","July",""
"1212","413","6","August",""
"1213","413","6","September",""
"1214","413","6","October",""
"1215","413","6","November",""
"1216","413","6","December",""
"1221","244","3","May",""
"1222","244","3","June",""
"1223","244","3","July","Peak Spawning"
"1224","244","3","August",""
"1225","244","3","September",""
"1232","243","3","April",""
"1233","243","3","May",""
"1234","243","3","June",""
"1235","243","3","July",""
"1236","243","3","August",""
"1237","243","3","September",""
"1241","251","7","January",""
"1242","251","3","February",""
"1243","251","3","March",""
"1244","251","3","April","Peak Spawning"
"1245","251","3","May","Peak Fertilization"
"1246","251","3","June","Peak Spawning"
"1247","251","2","July",""
"1252","251","3","December",""
"1253","253","3","March",""
"1254","253","3","April",""
"1255","252","2","February","Peak Spawning"
"1256","252","2","March","Peak Spawning"
"1257","252","2","April","Peak Spawning"
"1258","252","2","May","Peak Spawning"
"1259","252","7","December",""
"1260","254","2","January",""
"1261","254","2","February",""
"1262","254","2","March",""
"1263","254","2","April",""
"1271","254","2","December",""
"1272","259","7","January",""
"1273","259","7","February",""
"1274","259","3","March",""
"1275","259","3","April","Peak Spawning"
"1276","259","3","May","Peak Spawning"
"1277","259","3","June",""
"1278","259","3","July",""
"1288","257","2","May",""
"1289","257","2","June",""
"1296","256","2","January",""
"1300","256","3","May","Peak Fertilization"
"1301","256","2","June","Peak Spawning"
"1302","256","2","July",""
"1307","256","2","December",""
"1308","258","3","January","Peak Spawning"
"1309","258","3","February",""
"1310","258","3","March",""
"1311","258","3","April",""
"1312","258","3","May",""
"1313","258","2","June",""
"1314","258","2","July",""
"1315","258","2","August",""
"1316","258","7","September",""
"1317","258","7","October","Peak Fertilization"
"1318","258","7","November",""
"1319","258","7","December","Peak Fertilization"
"1320","255","2","January","Peak Spawning"
"1324","255","2","May","Peak Spawning"
"1325","255","2","June","Peak Spawning"
"1331","255","2","December","Peak Spawning"
"1334","262","3","March","Peak Spawning"
"1335","262","3","April",""
"1336","262","3","May",""
"1344","260","3","January",""
"1345","260","3","February","Peak Fertilization"
"1346","260","3","March","Peak Fertilization"
"1347","260","2","April",""
"1348","260","2","May","Peak Spawning"
"1349","260","2","June",""
"1350","260","2","July",""
"1353","260","7","October",""
"1354","260","7","November",""
"1355","260","7","December",""
"1356","263","7","January",""
"1357","263","7","February",""
"1360","263","2","May",""
"1369","261","2","February","Peak Spawning"
"1370","261","2","March","Peak Spawning"
"1382","264","3","March",""
"1383","264","3","April",""
"1384","264","3","May",""
"1385","264","2","June",""
"1386","264","2","July",""
"1392","269","7","January",""
"1393","269","7","February",""
"1394","269","3","March","Peak Fertilization"
"1395","269","3","April","Peak Spawning"
"1396","269","3","May",""
"1397","269","2","June",""
"1398","269","2","July",""
"1403","269","7","December",""
"1416","268","2","May",""
"1417","267","7","January","Peak Fertilization"
"1418","267","2","February","Peak Spawning"
"1429","265","2","January",""
"1430","265","2","February",""
"1431","265","2","March",""
"1432","265","2","April",""
"1436","265","7","August",""
"1437","265","7","September",""
"1438","265","7","October",""
"1439","265","7","November",""
"1441","266","2","February",""
"1442","266","2","June",""
"1443","273","2","April",""
"1444","273","2","May",""
"1448","272","3","April","Peak Fertilization"
"1449","272","2","May","Peak Spawning"
"1450","272","2","June",""
"1451","272","2","July",""
"1452","272","2","August",""
"1453","272","2","September",""
"1459","270","7","March",""
"1460","270","2","April",""
"1461","270","2","May",""
"1462","270","2","June",""
"1467","270","7","November",""
"1470","274","2","February",""
"1471","274","2","March",""
"1472","274","2","April","Peak Spawning"
"1473","274","2","May",""
"1474","274","2","June",""
"1475","274","2","July",""
"1481","271","2","May","Peak Spawning"
"1482","271","2","June","Peak Spawning"
"1484","277","7","January","Peak Fertilization"
"1485","277","2","February","Peak Spawning"
"1486","277","2","March",""
"1487","275","3","January",""
"1488","275","3","February",""
"1489","275","2","March",""
"1490","275","2","April",""
"1491","275","2","May",""
"1492","275","7","October",""
"1493","275","7","November",""
"1494","275","7","December","Peak Fertilization"
"1507","278","7","January",""
"1508","278","7","February",""
"1510","278","2","April",""
"1511","278","2","May",""
"1512","278","2","June",""
"1513","278","2","July",""
"1519","276","2","February","Peak Spawning"
"1520","276","2","March","Peak Spawning"
"1525","281","7","February","Peak Fertilization"
"1526","281","2","March",""
"1527","281","2","April","Peak Spawning"
"1528","281","2","May",""
"1529","279","2","January",""
"1530","279","2","March",""
"1531","279","2","April",""
"1532","279","2","May",""
"1533","279","2","June",""
"1534","279","7","September",""
"1540","282","2","February",""
"1541","282","2","March",""
"1542","282","2","April",""
"1543","282","2","May","Peak Spawning"
"1544","282","2","June",""
"1545","282","2","July",""
"1551","280","2","April","Peak Spawning"
"1552","280","2","May","Peak Spawning"
"1553","284","2","January",""
"1554","284","2","February","Peak Spawning"
"1555","284","2","March",""
"1556","284","2","April",""
"1557","284","2","May",""
"1563","284","7","November",""
"1564","284","7","December",""
"1565","283","2","February","Peak Spawning"
"1566","285","7","February",""
"1567","285","7","May",""
"1568","286","2","June","Peak Spawning"
"1569","290","7","March",""
"1570","290","7","April",""
"1571","290","3","May",""
"1572","290","2","June","Peak Spawning"
"1573","290","2","July",""
"1577","289","7","April","Peak Fertilization"
"1578","289","2","May","Peak Spawning"
"1579","289","2","June",""
"1580","289","2","July",""
"1586","287","7","March",""
"1587","287","2","May",""
"1588","287","2","June","Peak Spawning"
"1589","287","2","July","Peak Spawning"
"1590","287","2","August",""
"1591","291","2","January",""
"1592","291","2","February",""
"1593","291","2","March",""
"1594","291","2","April","Peak Spawning"
"1595","291","2","May",""
"1596","291","2","June",""
"1597","291","2","July",""
"1605","288","2","March","Peak Spawning"
"1606","288","2","April","Peak Spawning"
"1607","288","2","May","Peak Spawning"
"1608","288","2","June","Peak Spawning"
"1615","295","2","May","Peak Spawning"
"1617","292","3","February",""
"1618","292","3","March",""
"1619","292","3","April",""
"1620","292","3","May",""
"1621","292","3","June",""
"1622","292","3","July",""
"1623","292","2","August",""
"1624","292","3","September",""
"1628","293","2","June","Peak Spawning"
"1629","297","7","April",""
"1630","297","3","May","Peak Spawning"
"1631","297","3","June","Peak Spawning"
"1632","296","2","May",""
"1633","296","2","June",""
"1634","294","2","May","Peak Spawning"
"1635","294","2","June","Peak Spawning"
"1636","299","3","February","Peak Fertilization"
"1637","299","2","March","Peak Spawning"
"1638","300","2","January","Peak Spawning"
"1639","300","2","February","Peak Spawning"
"1640","300","2","March",""
"1641","300","2","April",""
"1642","298","2","March","Peak Spawning"
"1643","304","2","May",""
"1644","304","2","June",""
"1645","304","2","July",""
"1647","301","7","January",""
"1648","301","7","February",""
"1649","301","3","March",""
"1650","301","3","April",""
"1651","301","3","May",""
"1652","301","3","June",""
"1653","301","3","July",""
"1687","302","2","April","Peak Spawning"
"1688","307","7","March",""
"1689","307","3","April","Peak Spawning"
"1690","307","2","May",""
"1691","306","2","June",""
"1692","305","3","January","Peak Fertilization"
"1693","305","2","February","Peak Spawning"
"1694","305","2","March",""
"1695","305","2","April",""
"1696","305","2","May",""
"1704","303","2","May","Peak Spawning"
"1705","303","2","June","Peak Spawning"
"1706","312","2","February",""
"1707","308","2","February",""
"1708","309","2","January",""
"1709","309","2","February",""
"1710","309","2","March",""
"1711","309","2","April",""
"1720","314","2","January",""
"1721","314","2","February",""
"1722","314","2","March",""
"1723","313","3","January","Peak Fertilization"
"1724","313","2","February","Peak Spawning"
"1725","313","2","March",""
"1726","313","2","April",""
"1727","313","2","May",""
"1735","310","2","January",""
"1741","310","7","July",""
"1742","310","7","August",""
"1744","310","7","October",""
"1745","310","7","November",""
"1747","311","3","January","Peak Spawning"
"1748","311","2","February","Peak Spawning"
"1749","311","2","March","Peak Spawning"
"1750","311","2","April","Peak Spawning"
"1751","311","2","May",""
"1757","311","7","November",""
"1759","316","2","January",""
"1760","316","2","February",""
"1761","316","2","March",""
"1767","316","2","September","Peak Spawning"
"1768","316","2","October",""
"1769","316","2","November",""
"1770","316","2","December",""
"1771","315","3","January",""
"1772","315","2","February",""
"1773","315","2","March",""
"1774","315","2","April",""
"1775","315","2","May",""
"1776","315","2","June",""
"1777","315","3","July",""
"1778","315","3","August",""
"1779","315","2","September",""
"1782","315","2","December",""
"1791","318","2","September",""
"1792","318","2","October",""
"1793","318","2","November","Peak Spawning"
"1794","318","2","December",""
"1795","317","2","January","Peak Spawning"
"1796","317","2","February","Peak Spawning"
"1797","317","2","March","Peak Spawning"
"1798","317","2","April","Peak Spawning"
"1799","317","2","May","Peak Spawning"
"1803","317","2","September","Peak Spawning"
"1804","317","2","October","Peak Spawning"
"1805","317","2","November","Peak Spawning"
"1806","317","2","December","Peak Spawning"
"1807","320","3","January","Peak Fertilization"
"1808","320","3","February","Peak Spawning"
"1809","320","2","March",""
"1813","320","7","July",""
"1814","320","7","August",""
"1815","320","7","September",""
"1817","320","2","November",""
"1818","320","2","December",""
"1831","319","2","January","Peak Spawning"
"1832","319","2","February","Peak Spawning"
"1833","319","2","March",""
"1838","319","7","August",""
"1839","319","7","September",""
"1840","319","2","October",""
"1841","319","2","November",""
"1842","319","2","December",""
"1843","322","7","January",""
"1844","322","2","February",""
"1845","321","2","January","Peak Spawning"
"1846","321","2","February",""
"1847","321","2","March",""
"1854","321","7","October",""
"1855","321","3","November",""
"1856","321","3","December",""
"1858","323","2","February",""
"1859","323","3","March",""
"1860","323","3","April",""
"1861","323","3","May","Peak Spawning"
"1862","323","2","June",""
"1863","323","3","July",""
"1864","323","7","August",""
"1869","325","3","January","Peak Fertilization"
"1870","325","2","February",""
"1871","325","2","March",""
"1872","325","2","April",""
"1873","325","2","May",""
"1874","325","2","June",""
"1881","325","3","January","Peak Spawning"
"1882","326","7","January","Peak Spawning"
"1883","326","2","February","Peak Spawning"
"1884","326","2","April","Peak Spawning"
"1885","326","2","May","Peak Spawning"
"1886","324","2","April",""
"1887","324","2","May",""
"1889","327","3","February",""
"1890","327","3","March",""
"1891","327","3","April",""
"1892","327","3","May",""
"1893","327","2","June",""
"1900","328","2","May","Peak Spawning"
"1901","330","2","May",""
"1902","331","2","May",""
"1903","333","2","January","Peak Spawning"
"1904","333","2","February","Peak Spawning"
"1905","333","2","March",""
"1906","333","2","April",""
"1907","333","2","May",""
"1912","333","2","October",""
"1913","333","2","November",""
"1914","333","2","December",""
"1916","332","2","February","Peak Spawning"
"1917","332","2","March","Peak Spawning"
"1918","332","2","April","Peak Spawning"
"1919","332","2","May","Peak Spawning"
"1927","334","3","February",""
"1928","334","3","March",""
"1929","334","3","April",""
"1930","335","2","January",""
"1931","335","2","February","Peak Spawning"
"1932","335","2","March",""
"1942","341","2","January","Peak Spawning"
"1943","341","2","February",""
"1944","341","2","March",""
"1950","341","2","September",""
"1951","341","2","October",""
"1952","341","2","November",""
"1953","341","2","December","Peak Spawning"
"1954","340","2","January","Peak Spawning"
"1955","340","2","February",""
"1956","340","2","March",""
"1957","340","2","April",""
"1965","340","2","December","Peak Spawning"
"1966","339","2","January",""
"1967","339","2","February",""
"1968","339","2","March",""
"1974","339","2","September",""
"1975","339","2","October",""
"1976","339","2","November",""
"1977","339","2","December",""
"1978","337","2","January",""
"1979","337","2","February",""
"1980","337","2","March",""
"1988","337","2","November","Peak Fertilization"
"1989","337","2","December","Peak Fertilization"
"1990","337","2","November","Peak Spawning"
"1991","337","2","December","Peak Spawning"
"1992","336","7","September",""
"1993","336","7","October",""
"1994","336","7","December",""
"1997","338","2","January",""
"1998","338","2","February",""
"1999","338","2","March",""
"2000","338","2","April","Peak Spawning"
"2017","338","7","December","Peak Fertilization"
"2018","342","7","April",""
"2019","342","3","May",""
"2020","342","2","June",""
"2021","343","2","July","Peak Spawning"
"2025","345","3","April",""
"2026","345","3","May",""
"2027","345","2","June","Peak Spawning"
"2028","345","2","July",""
"2034","344","2","July",""
"2035","344","2","August",""
"2036","346","2","January",""
"2037","346","2","February",""
"2038","346","2","March",""
"2043","346","7","August",""
"2046","346","3","November",""
"2047","346","2","December",""
"2048","348","3","January","Peak Spawning"
"2049","348","3","February",""
"2050","348","2","March",""
"2059","348","7","December",""
"2060","347","2","February","Peak Spawning"
"2064","350","3","April",""
"2065","350","3","May","Peak Fertilization"
"2066","350","2","June","Peak Spawning"
"2067","350","2","July",""
"2074","349","2","February",""
"2075","349","2","March",""
"2076","349","2","April",""
"2077","349","2","May",""
"2078","349","2","June",""
"2079","349","2","July",""
"2080","349","2","August",""
"2081","349","2","September",""
"2082","349","7","October",""
"2083","349","7","November",""
"2084","349","7","December",""
"2085","352","2","January",""
"2086","352","2","February",""
"2087","352","2","March",""
"2088","352","2","April",""
"2089","352","2","May","Peak Spawning"
"2090","352","2","June",""
"2091","352","2","July",""
"2092","352","2","August",""
"2093","352","2","September",""
"2099","351","7","March",""
"2100","351","3","April","Peak Spawning"
"2101","351","3","May","Peak Spawning"
"2102","351","2","June","Peak Spawning"
"2109","353","2","January",""
"2110","353","2","February",""
"2111","353","2","March",""
"2112","353","2","April","Peak Spawning"
"2113","353","2","May",""
"2114","353","2","June",""
"2115","353","2","July",""
"2120","353","2","December",""
"2122","354","2","February",""
"2123","354","3","March",""
"2124","354","3","April",""
"2125","354","3","May",""
"2126","354","3","June",""
"2127","354","2","July",""
"2128","354","2","August",""
"2129","354","2","September",""
"2133","355","2","May",""
"2134","360","7","January",""
"2135","360","7","February",""
"2136","360","2","March",""
"2137","360","2","April",""
"2139","360","7","June",""
"2140","360","3","July",""
"2141","360","2","August",""
"2145","360","7","December",""
"2148","359","2","March",""
"2149","359","3","April",""
"2150","359","3","May",""
"2151","359","2","June",""
"2158","358","2","April","Peak Fertilization"
"2159","358","2","May",""
"2160","358","2","June","Peak Spawning"
"2161","356","7","January",""
"2162","356","2","April",""
"2163","356","7","September",""
"2167","357","2","April","Peak Spawning"
"2168","357","2","May","Peak Spawning"
"2169","357","2","June","Peak Spawning"
"2170","357","2","July","Peak Spawning"
"2171","357","2","August","Peak Spawning"
"2176","365","2","July",""
"2177","363","3","April",""
"2178","363","3","May",""
"2179","362","2","July",""
"2180","362","2","August",""
"2183","364","2","March",""
"2184","364","2","April",""
"2185","364","2","May",""
"2186","364","2","June",""
"2193","361","2","July","Peak Spawning"
"2194","366","2","February",""
"2195","370","2","January",""
"2196","370","2","February",""
"2197","369","2","January","Peak Spawning"
"2198","369","2","February",""
"2199","369","2","March",""
"2207","369","3","November",""
"2208","369","3","December","Peak Fertilization"
"2209","367","2","January","Peak Spawning"
"2210","367","2","February","Peak Spawning"
"2214","367","2","June","Peak Spawning"
"2220","367","2","December","Peak Spawning"
"2221","371","2","January",""
"2222","371","2","February",""
"2229","371","2","September",""
"2230","371","2","October",""
"2231","371","2","November",""
"2232","371","2","December","Peak Spawning"
"2233","368","2","January","Peak Spawning"
"2234","368","2","February","Peak Spawning"
"2235","368","2","March","Peak Spawning"
"2236","372","2","January",""
"2237","372","2","February","Peak Spawning"
"2238","372","2","March",""
"2239","372","2","December",""
"2240","375","2","January","Peak Fertilization"
"2241","375","2","February","Peak Spawning"
"2242","375","2","March",""
"2243","373","3","January","Peak Spawning"
"2244","373","2","February",""
"2245","373","2","March",""
"2247","373","7","May",""
"2251","373","7","September",""
"2252","373","7","October",""
"2253","373","7","November",""
"2254","373","3","December",""
"2255","376","3","January","Peak Spawning"
"2256","376","2","February",""
"2257","376","2","March",""
"2265","376","7","November",""
"2266","376","3","December",""
"2267","374","2","January",""
"2268","374","2","February","Peak Spawning"
"2269","374","2","March",""
"2270","374","2","April",""
"2278","374","2","December",""
"2279","377","3","May",""
"2280","377","3","June",""
"2283","381","3","March",""
"2284","381","3","April",""
"2285","381","3","May",""
"2286","381","3","June",""
"2293","380","3","January",""
"2294","380","3","February",""
"2295","380","3","March",""
"2296","380","3","April",""
"2297","380","3","May",""
"2298","380","3","June",""
"2305","378","3","February",""
"2306","378","3","March",""
"2307","379","3","January",""
"2308","379","3","February",""
"2309","379","3","March",""
"2310","379","3","April","Peak Spawning"
"2311","379","3","May",""
"2312","379","3","June",""
"2321","386","3","March",""
"2322","386","3","April",""
"2323","386","3","May",""
"2331","385","3","January",""
"2332","385","3","February",""
"2333","385","3","March",""
"2334","385","3","April",""
"2335","385","3","May",""
"2336","385","3","June",""
"2345","384","3","March",""
"2346","384","3","April",""
"2347","384","3","May",""
"2355","382","3","February",""
"2356","382","3","March",""
"2357","383","3","January",""
"2358","383","3","February","Peak Spawning"
"2359","383","3","March",""
"2360","383","3","April","Peak Spawning"
"2361","383","3","May",""
"2369","427","3","January","Doubtful Spawning Records"
"2370","427","2","February",""
"2371","427","2","March",""
"2372","427","2","April",""
"2373","427","2","May",""
"2374","427","2","June",""
"2375","427","2","July",""
"2376","427","3","November","Doubtful Spawning Records"
"2377","427","3","December","Doubtful Spawning Records"
"2378","3","7","January",""
"2379","3","2","July",""
"2380","3","2","August","Peak Spawning"
"2381","3","2","September","Peak Spawning"
"2382","3","7","November",""
"2383","3","7","December",""
"2388","2","2","May",""
"2389","2","2","June",""
"2390","2","2","July",""
"2391","2","2","August",""
"2400","41","2","May",""
"2401","41","2","June",""
"2402","41","2","July",""
"2403","41","2","August",""
"2408","41","7","November",""
"2409","41","7","December","Peak Fertilization"
"2413","47","2","April",""
"2414","47","2","May",""
"2415","47","2","June","Peak Spawning"
"2416","47","2","July","Peak Spawning"
"2417","47","2","August","Peak Spawning"
"2418","47","2","September",""
"2426","45","2","May",""
"2427","45","2","June",""
"2428","45","2","July","Peak Spawning"
"2429","45","2","August","Peak Spawning"
"2430","45","2","September","Peak Spawning"
"2431","45","2","October",""
"2437","43","2","April",""
"2438","43","2","May",""
"2439","43","2","June",""
"2440","43","2","July",""
"2441","43","2","August",""
"2444","43","7","November",""
"2445","43","7","December",""
"2449","44","2","April",""
"2450","44","2","May",""
"2451","44","2","June","Peak Spawning"
"2452","44","2","July","Peak Spawning"
"2453","44","2","August",""
"2454","44","2","September",""
"2455","44","2","October",""
"2456","44","2","November",""
"2457","44","7","December",""
"2461","42","2","April",""
"2462","42","2","May",""
"2463","42","2","June","Peak Spawning"
"2464","42","2","July","Peak Spawning"
"2465","42","2","August",""
"2470","46","7","January",""
"2471","46","7","February",""
"2472","46","2","March",""
"2473","46","2","April",""
"2474","46","2","May","Peak Spawning"
"2475","46","2","June",""
"2476","46","2","July",""
"2477","46","2","August",""
"2478","46","2","September",""
"2480","46","7","November",""
"2481","46","7","December",""
"2489","53","2","April",""
"2490","53","2","May",""
"2491","53","2","June",""
"2492","53","2","July",""
"2506","55","2","September",""
"2507","55","2","October",""
"2508","55","2","November","Peak Spawning"
"2510","56","2","January","Doubtful Spawning Records"
"2511","56","2","February","Doubtful Spawning Records"
"2512","56","2","March","Doubtful Spawning Records"
"2513","56","2","April",""
"2514","56","2","May",""
"2515","56","2","June","Peak Spawning"
"2520","56","2","November",""
"2521","56","3","December","Doubtful Spawning Records"
"2522","54","2","September",""
"2523","54","2","October",""
"2524","54","2","November",""
"2525","57","2","June",""
"2526","57","2","July",""
"2527","57","2","August",""
"2533","61","2","June",""
"2534","61","2","July",""
"2535","61","2","August",""
"2536","61","7","September",""
"2537","61","7","October",""
"2538","61","7","November",""
"2544","59","2","May",""
"2545","59","2","June","Peak Spawning"
"2546","59","2","July",""
"2547","59","2","August",""
"2548","59","2","September",""
"2554","58","2","March",""
"2555","58","2","April",""
"2556","58","2","May",""
"2557","58","2","June",""
"2564","60","2","January","Doubtful Spawning Records"
"2565","60","2","February","Doubtful Spawning Records"
"2566","60","7","September",""
"2567","60","2","December","Doubtful Spawning Records"
"2568","105","2","August",""
"2572","106","2","April",""
"2573","106","2","May",""
"2574","106","2","June",""
"2578","106","7","October",""
"2579","106","7","November",""
"2580","106","7","December",""
"2581","107","2","June",""
"2582","107","2","July",""
"2583","107","2","August",""
"2584","108","2","July",""
"2585","108","2","August",""
"2586","108","2","September",""
"2587","120","2","August",""
"2588","120","2","September",""
"2593","206","2","May",""
"2594","206","2","June",""
"2595","206","2","July",""
"2596","206","2","August",""
"2604","204","2","April",""
"2605","204","2","May",""
"2606","204","2","June",""
"2607","204","2","July",""
"2617","207","2","May",""
"2618","207","2","June",""
"2619","207","2","July",""
"2629","205","2","May",""
"2630","205","2","June",""
"2631","205","2","July",""
"2632","205","2","August",""
"2637","239","2","April",""
"2638","239","2","May",""
"2639","239","2","June",""
"2647","48","2","August",""
"2652","51","7","January","Peak Fertilization"
"2653","51","7","February","Peak Fertilization"
"2654","51","7","March",""
"2655","51","7","April",""
"2656","51","2","May",""
"2657","51","2","June",""
"2658","51","2","July","Peak Spawning"
"2659","51","2","August","Peak Spawning"
"2660","51","2","September",""
"2661","51","2","October",""
"2662","51","2","November",""
"2663","51","7","December","Peak Fertilization"
"2664","50","7","January",""
"2665","50","7","February",""
"2666","50","7","March",""
"2667","50","7","April",""
"2669","50","2","June",""
"2670","50","2","July",""
"2671","50","2","August",""
"2672","50","2","September",""
"2673","50","2","October",""
"2675","50","7","December",""
"2676","49","2","May",""
"2677","49","2","June",""
"2681","52","2","April",""
"2683","52","2","June",""
"2684","52","2","July",""
"2685","52","2","August",""
"2686","52","2","September",""
"2687","52","2","October",""
"2690","189","3","January",""
"2691","189","3","February",""
"2692","189","3","March",""
"2693","189","3","April",""
"2700","189","3","November",""
"2701","189","3","December",""
"2702","191","3","January","Peak Spawning"
"2703","191","3","February","Peak Spawning"
"2704","191","3","March","Peak Spawning"
"2705","191","3","April","Peak Spawning"
"2706","191","3","May","Peak Spawning"
"2707","191","3","June",""
"2708","191","3","July",""
"2709","191","3","August",""
"2710","191","3","September",""
"2711","191","3","October",""
"2712","191","3","November",""
"2713","191","3","December","Peak Spawning"
"2714","188","3","January",""
"2715","188","3","February","Peak Spawning"
"2716","188","3","March",""
"2717","188","3","April",""
"2719","188","3","June",""
"2720","188","3","July","Peak Spawning"
"2721","188","3","August",""
"2722","188","3","September",""
"2726","187","3","January","Peak Spawning"
"2727","187","3","February","Peak Spawning"
"2728","187","3","March","Peak Spawning"
"2729","187","3","April","Peak Spawning"
"2730","187","3","May","Peak Spawning"
"2731","187","3","June",""
"2732","187","3","July",""
"2733","187","3","August",""
"2734","187","3","September",""
"2735","187","3","October",""
"2736","187","3","November",""
"2737","187","3","December","Peak Spawning"
"2739","190","3","February",""
"2740","190","3","March",""
"2741","190","3","April",""
"2742","190","3","May",""
"2743","190","3","June",""
"2751","38","3","February",""
"2752","38","3","March",""
"2753","38","3","April",""
"2754","38","3","May",""
"2768","37","3","July",""
"2769","37","3","August",""
"2770","37","3","September",""
"2780","35","3","July",""
"2781","35","3","August","Peak Spawning"
"2782","35","3","September",""
"2786","36","3","January",""
"2787","36","3","February",""
"2788","36","3","March",""
"2789","36","3","April",""
"2790","36","3","May",""
"2791","36","3","June",""
"2792","36","3","July",""
"2793","36","3","August",""
"2794","36","3","September",""
"2795","36","3","October",""
"2796","36","3","November",""
"2797","36","3","December",""
"2798","40","3","January",""
"2799","40","3","February",""
"2800","40","3","March",""
"2801","40","3","April",""
"2802","40","3","May",""
"2803","40","3","June",""
"2804","40","3","July",""
"2805","40","3","August",""
"2806","40","3","September",""
"2807","40","3","October",""
"2812","39","3","March",""
"2813","39","3","April",""
"2814","39","3","May",""
"2815","39","3","June",""
"2816","39","3","July",""
"2817","39","3","August",""
"2825","212","3","April",""
"2826","212","3","May",""
"2827","212","3","June",""
"2828","212","3","July",""
"2835","209","3","February",""
"2836","209","3","March",""
"2837","209","3","April","Peak Spawning"
"2838","209","3","May",""
"2850","208","3","May",""
"2851","208","3","June",""
"2859","214","3","February",""
"2860","214","3","March","Peak Spawning"
"2861","214","3","April",""
"2871","215","3","February",""
"2872","215","3","March",""
"2873","215","3","April",""
"2882","213","3","January",""
"2883","213","3","February",""
"2892","213","3","November",""
"2893","213","3","December",""
"2894","210","3","January",""
"2895","210","3","February",""
"2904","210","3","November",""
"2905","210","3","December",""
"2906","211","3","January","Peak Spawning"
"2907","211","3","February",""
"2915","211","3","October",""
"2916","211","3","November",""
"2917","211","3","December","Peak Spawning"
"2918","193","3","January",""
"2919","193","3","February","Peak Spawning"
"2920","193","3","March",""
"2921","193","3","April",""
"2929","193","3","December",""
"2931","192","3","February",""
"2932","192","3","March",""
"2933","192","3","April",""
"2934","192","3","May",""
"2938","192","3","September",""
"2939","192","3","October",""
"2940","192","3","November",""
"2941","192","3","December",""
"2942","200","3","January",""
"2943","200","3","February","Peak Spawning"
"2944","200","3","March","Peak Spawning"
"2945","200","3","April",""
"2954","199","3","January","Peak Spawning"
"2955","199","3","February","Peak Spawning"
"2956","199","3","March","Peak Spawning"
"2957","199","3","April","Peak Spawning"
"2958","199","3","May",""
"2959","199","3","June",""
"2960","199","3","July",""
"2961","199","3","August",""
"2962","199","3","September","Peak Spawning"
"2963","199","3","October","Peak Spawning"
"2964","199","3","November","Peak Spawning"
"2965","199","3","December","Peak Spawning"
"2966","198","3","January",""
"2967","198","3","February",""
"2968","198","3","March",""
"2969","198","3","April","Peak Spawning"
"2970","198","3","May",""
"2980","197","3","March",""
"2981","197","3","April",""
"2982","197","3","May",""
"2990","194","3","January",""
"2991","194","3","February",""
"2992","194","3","March",""
"2993","194","3","April",""
"2994","194","3","May",""
"2999","194","3","October",""
"3000","194","3","November",""
"3001","194","3","December",""
"3002","195","3","January","Peak Spawning"
"3003","195","3","February","Peak Spawning"
"3004","195","3","March",""
"3005","195","3","April",""
"3006","195","3","May",""
"3007","195","3","June",""
"3008","195","3","July",""
"3009","195","3","August",""
"3010","195","3","September",""
"3011","195","3","October",""
"3012","195","3","November",""
"3013","195","3","December","Peak Spawning"
"3014","196","3","January","Peak Spawning"
"3015","196","3","February","Peak Spawning"
"3016","196","3","March","Peak Spawning"
"3017","196","3","April","Peak Spawning"
"3018","196","3","May",""
"3019","196","3","June",""
"3020","196","3","July",""
"3021","196","3","August",""
"3022","196","3","September",""
"3023","196","3","October",""
"3024","196","3","November",""
"3025","196","3","December",""
"3026","62","3","January",""
"3027","62","3","February",""
"3028","62","3","March",""
"3029","62","3","April",""
"3037","62","3","December",""
"3038","68","3","January",""
"3039","68","3","February",""
"3040","68","3","March",""
"3041","68","3","April",""
"3049","68","3","December",""
"3050","66","3","January","Peak Spawning"
"3051","66","3","February",""
"3052","66","3","March",""
"3053","66","3","April",""
"3054","66","3","May",""
"3060","66","3","November",""
"3061","66","3","December","Peak Spawning"
"3062","69","3","January","Peak Spawning"
"3063","69","3","February",""
"3064","69","3","March",""
"3065","69","3","April",""
"3072","69","3","November",""
"3073","69","3","December","Peak Spawning"
"3074","63","3","January",""
"3075","63","3","February",""
"3076","63","3","March",""
"3077","63","3","April",""
"3085","63","3","December",""
"3086","64","3","January",""
"3087","64","3","February",""
"3088","64","3","March",""
"3089","64","3","April",""
"3097","64","3","December",""
"3098","65","3","January","Peak Spawning"
"3099","65","3","February","Peak Spawning"
"3100","65","3","March",""
"3101","65","3","April",""
"3108","65","3","November",""
"3109","65","3","December",""
"3110","67","3","January",""
"3111","67","3","February",""
"3121","67","3","December",""
"3127","119","3","June",""
"3128","119","3","July",""
"3129","119","3","August",""
"3130","119","3","September",""
"3131","119","3","October",""
"3136","116","3","March",""
"3137","116","3","April",""
"3138","116","3","May",""
"3139","116","3","June",""
"3140","116","3","July",""
"3151","117","3","June",""
"3152","117","3","July",""
"3153","117","3","August",""
"3154","117","3","September",""
"3155","117","3","October",""
"3158","115","3","January","Peak Spawning"
"3159","115","3","February",""
"3166","115","3","September",""
"3167","115","3","October",""
"3168","115","3","November","Peak Spawning"
"3169","115","3","December","Peak Spawning"
"3170","118","3","April",""
"3173","122","3","March",""
"3174","122","3","April","Peak Spawning"
"3175","122","3","May",""
"3176","122","3","June",""
"3184","123","3","February",""
"3185","123","3","March",""
"3186","123","3","April",""
"3195","128","3","January",""
"3196","128","3","February",""
"3197","128","3","March","Peak Spawning"
"3198","128","3","April",""
"3206","128","3","December",""
"3208","124","3","February",""
"3209","124","3","March",""
"3210","124","3","April",""
"3219","129","3","January",""
"3220","129","3","February","Peak Spawning"
"3221","129","3","March",""
"3229","129","3","November",""
"3230","129","3","December",""
"3232","127","3","February",""
"3233","127","3","March",""
"3234","127","3","April",""
"3243","127","3","May",""
"3245","126","3","February",""
"3246","126","3","March",""
"3247","126","3","April",""
"3256","125","3","February",""
"3257","125","3","March",""
"3258","235","3","April","Peak Spawning"
"3259","238","3","July","Peak Spawning"
"3260","237","3","January",""
"3261","237","3","February","Peak Spawning"
"3262","237","3","March",""
"3263","237","3","April",""
"3272","234","3","January",""
"3273","234","3","February",""
"3274","234","3","March",""
"3278","234","3","July",""
"3279","234","3","August",""
"3281","234","3","October",""
"3284","236","3","January",""
"3285","236","3","February",""
"3286","236","3","March",""
"3287","236","3","April",""
"3288","236","3","May",""
"3289","236","3","June",""
"3290","236","3","July",""
"3297","220","3","February",""
"3298","220","3","March",""
"3299","220","3","April",""
"3310","218","3","March",""
"3311","218","3","April",""
"3312","218","3","May",""
"3313","218","3","June",""
"3314","218","3","July",""
"3315","218","3","August",""
"3320","221","3","April",""
"3322","217","3","February",""
"3323","217","3","March",""
"3324","217","3","April","Peak Spawning"
"3325","217","3","May","Peak Spawning"
"3326","217","3","June","Peak Spawning"
"3327","217","3","July","Peak Spawning"
"3328","217","3","August",""
"3329","217","3","September",""
"3330","217","3","October",""
"3335","219","3","March",""
"3336","219","3","April",""
"3337","219","3","May",""
"3338","219","3","June",""
"3339","219","3","July",""
"3340","219","3","August",""
"3347","227","3","March",""
"3348","227","3","April","Peak Spawning"
"3349","227","3","May","Peak Spawning"
"3350","227","3","June","Peak Spawning"
"3351","227","3","July",""
"3352","227","3","August",""
"3357","228","3","January",""
"3358","228","3","February",""
"3359","228","3","March",""
"3360","228","3","April",""
"3361","228","3","May",""
"3362","228","3","June",""
"3363","228","3","July",""
"3364","228","3","August",""
"3365","228","3","September",""
"3366","228","3","October",""
"3367","228","3","November",""
"3368","228","3","December",""
"3369","224","3","January",""
"3370","224","3","February",""
"3371","224","3","March",""
"3372","224","3","April",""
"3373","224","3","May",""
"3374","224","3","June",""
"3375","224","3","July","Peak Spawning"
"3376","224","3","August","Peak Spawning"
"3377","224","3","September","Peak Spawning"
"3378","224","3","October",""
"3379","224","3","November",""
"3380","224","3","December",""
"3381","225","3","January",""
"3382","225","3","February",""
"3383","225","3","March",""
"3384","225","3","April",""
"3385","225","3","May",""
"3386","225","3","June",""
"3387","225","3","July","Peak Spawning"
"3388","225","3","August","Peak Spawning"
"3389","225","3","September","Peak Spawning"
"3390","225","3","October","Peak Spawning"
"3391","225","3","November",""
"3392","225","3","December",""
"3393","226","2","January",""
"3394","226","2","February",""
"3395","226","2","March",""
"3396","226","2","April",""
"3397","226","2","November",""
"3398","226","2","December",""
"3401","222","3","March",""
"3402","222","3","April","Peak Spawning"
"3403","222","3","May","Peak Spawning"
"3404","222","3","June","Peak Spawning"
"3405","222","3","July",""
"3406","222","3","August",""
"3414","223","3","April",""
"3415","223","3","May",""
"3416","223","3","June",""
"3417","223","3","July",""
"3418","223","3","August",""
"3423","137","3","February",""
"3424","137","3","April",""
"3425","140","3","April",""
"3426","138","3","February",""
"3427","138","3","April",""
"3428","139","3","January",""
"3429","139","3","February",""
"3430","139","3","March",""
"3431","139","3","April",""
"3444","412","3","May",""
"3445","412","3","June",""
"3446","412","3","July",""
"3447","412","3","August",""
"3448","412","3","September",""
"3449","412","3","October",""
"3457","410","3","June",""
"3458","410","3","July",""
"3459","410","3","August",""
"3460","410","3","September",""
"3469","409","3","June",""
"3470","409","3","July",""
"3471","409","3","August",""
"3472","409","3","September",""
"3480","411","3","May",""
"3481","411","3","June",""
"3482","411","3","July","Peak Spawning"
"3483","411","3","August","Peak Spawning"
"3484","411","3","September",""
"3485","411","3","October",""
"3490","141","6","March",""
"3491","141","6","April",""
"3492","141","6","May",""
"3493","141","6","June",""
"3494","141","6","July",""
"3495","141","6","August",""
"3501","143","6","February",""
"3502","143","6","March",""
"3503","143","6","April",""
"3504","143","6","May","Peak Spawning"
"3505","143","6","June","Peak Spawning"
"3506","143","6","July","Peak Spawning"
"3507","143","6","August","Peak Spawning"
"3508","143","6","September","Peak Spawning"
"3515","142","6","April",""
"3516","142","6","May",""
"3517","142","6","June",""
"3518","142","6","July",""
"3519","142","6","August",""
"3520","142","6","September",""
"3540","144","6","April",""
"3541","144","6","May",""
"3542","144","6","June",""
"3543","144","6","July",""
"3544","144","6","August",""
"3545","144","6","September",""
"3546","144","6","October",""
"3549","76","6","January",""
"3553","76","6","May",""
"3554","76","6","June",""
"3555","76","6","July",""
"3557","76","6","September",""
"3558","76","6","October",""
"3559","76","6","November",""
"3560","76","6","December",""
"3561","81","6","January",""
"3562","81","6","February",""
"3563","81","6","March",""
"3564","81","6","April",""
"3565","81","6","May",""
"3566","81","6","June",""
"3572","81","6","December",""
"3573","80","6","January",""
"3574","80","6","February",""
"3575","80","6","March",""
"3576","80","6","April",""
"3577","80","6","May",""
"3578","80","6","June",""
"3585","77","6","January",""
"3586","77","6","February",""
"3587","77","6","March",""
"3588","77","6","April",""
"3589","77","6","May",""
"3590","77","6","June",""
"3597","78","6","January",""
"3598","78","6","February",""
"3599","78","6","March","Peak Spawning"
"3600","78","6","April","Peak Spawning"
"3601","78","6","May","Peak Spawning"
"3602","78","6","June",""
"3603","78","6","July",""
"3608","78","6","December",""
"3609","79","6","January",""
"3610","79","6","February",""
"3611","79","6","March",""
"3612","79","6","April",""
"3613","79","6","May",""
"3614","79","6","June",""
"3615","79","6","July",""
"3621","94","2","October",""
"3622","94","2","November",""
"3623","95","2","January",""
"3624","96","2","October",""
"3625","96","2","November",""
"3626","97","2","September",""
"3627","97","2","October",""
"3628","97","2","November",""
"3629","97","2","December",""
"3635","99","2","June",""
"3636","99","2","July",""
"3637","99","2","August",""
"3638","99","2","September",""
"3647","100","2","June",""
"3648","100","2","July",""
"3649","100","2","August",""
"3650","100","2","September",""
"3654","98","2","January",""
"3655","98","2","February",""
"3656","98","2","March",""
"3678","181","2","January",""
"3679","181","2","February","Peak Spawning"
"3688","181","2","November",""
"3689","181","2","December",""
"3690","170","2","January",""
"3691","170","2","February",""
"3692","170","2","March",""
"3701","170","2","December",""
"3702","172","2","January","Peak Spawning"
"3703","172","2","February","Peak Spawning"
"3704","172","2","March",""
"3713","172","2","December",""
"3714","174","2","January",""
"3715","174","2","February",""
"3726","175","2","January","Peak Spawning"
"3727","175","2","February","Peak Spawning"
"3728","175","2","March",""
"3738","178","2","January",""
"3739","178","2","February","Peak Spawning"
"3740","178","2","March","Peak Spawning"
"3741","178","2","April",""
"3749","178","2","December",""
"3750","179","2","January",""
"3751","179","2","February",""
"3752","179","2","March",""
"3753","179","2","April",""
"3762","182","2","January","Peak Spawning"
"3763","182","2","February","Peak Spawning"
"3764","182","2","March",""
"3773","182","2","December","Peak Spawning"
"3774","180","2","January",""
"3775","180","2","February",""
"3776","180","2","March",""
"3785","180","2","December",""
"3786","173","2","January",""
"3787","173","2","February",""
"3788","173","2","March",""
"3798","171","2","January","Peak Spawning"
"3799","171","2","February",""
"3800","171","2","March",""
"3808","171","2","November",""
"3809","171","2","December","Peak Spawning"
"3810","176","2","January","Peak Spawning"
"3811","176","2","February","Peak Spawning"
"3812","176","2","March",""
"3820","176","2","November",""
"3821","176","2","December","Peak Spawning"
"3824","145","6","March",""
"3825","145","6","April",""
"3826","145","6","May",""
"3827","145","6","June",""
"3828","145","6","July",""
"3829","145","6","August",""
"3830","145","6","September",""
"3831","145","6","October",""
"3838","147","6","May",""
"3839","147","6","June","Peak Spawning"
"3840","147","6","July","Peak Spawning"
"3841","147","6","August","Peak Spawning"
"3842","147","6","September",""
"3843","147","6","October",""
"3850","146","6","May",""
"3851","146","6","June",""
"3852","146","6","July",""
"3853","146","6","August",""
"3854","146","6","September",""
"3855","146","6","October",""
"3861","148","6","April",""
"3862","148","6","May",""
"3863","148","6","June",""
"3864","148","6","July",""
"3865","148","6","August",""
"3866","148","6","September",""
"3867","148","6","October",""
